Agent Role,Element,Critique
Material & Design Expert,Target User Profile,"The user profile is well-defined with specific metrics for height, weight, commute distance, and terrain. The emphasis on environmental consciousness, including recycled content and reduced manufacturing energy, is excellent. However, the 'Target lifespan: Minimum 10 years' could be further substantiated with specific material degradation resistance targets or testing protocols beyond general durability standards. While repairability is mentioned, a specific metric for the number of user-serviceable parts or a target repair time could strengthen this aspect."
Material & Design Expert,Core Functionality: Folding Mechanism,"The specification for high-strength, recyclable aluminum alloys with a minimum of 70% post-consumer recycled content is commendable. The focus on robustness, security, tool-free operation, and a fatigue life of 20,000 cycles is rigorous. The explicit avoidance of glues and composite materials, and the design for disassembly, are critical for sustainability and repairability. However, the specification of 'standard mechanical fasteners' could be more precise by listing preferred types (e.g., specific bolt grades, thread types) to ensure long-term availability and compatibility, especially for repair in diverse locations."
Material & Design Expert,Core Functionality: Ride Performance,"The approach to omit advanced suspension for simplicity, durability, and recyclability is sound. The requirement for puncture-resistant tires with a minimum of 30% recycled content is a good sustainability initiative. However, 'optimized frame geometry, wheelbase, and steering' are design intent rather than specific material or property requirements. For a critical review, more detail on the material properties of the frame itself (e.g., specific aluminum alloy grades for stiffness and fatigue resistance) would be beneficial. The gear range specification is appropriate for the use case."
Material & Design Expert,Sustainability: Material Selection,"The mandate for 70% post-consumer recycled content in metal components is a strong commitment. The specification for bio-based plastics with clear biodegradability/compostability standards (EN 13432) is excellent, but it's crucial to ensure these materials also meet durability and UV resistance requirements for their specific applications. The prohibition of glues and minimization of composites, along with material passports, are key for end-of-life processing. A potential area for enhancement is specifying the origin of any virgin materials used, even if minimal, to ensure they are sourced responsibly (e.g., conflict-free minerals, sustainably managed forestry for any wood components)."
Material & Design Expert,Sustainability: Manufacturing Processes,"The requirements for renewable energy usage (>50%) and waste diversion (>80%) are excellent sustainability metrics. Low-VOC or water-based powder coating is a good choice. The emphasis on design for disassembly and localized manufacturing is also positive. However, the specification for 'ethical labor practices (e.g., SA8000 certification)' is a social sustainability aspect, which is important, but the prompt focused on material and design. While relevant to overall sustainability, it's outside the strict material/design scope of the critique. For material, specifying the energy intensity of the chosen recycled aluminum production process, if data is available, could add further rigor."
Material & Design Expert,Sustainability: Durability and Longevity,"The performance standards for wear, fatigue (20,000 folding cycles), and corrosion resistance (500-hour salt spray) are robust. Defining 'easily replaceable wear parts' and targeting a Mean Time Between Failures (MTBF) of >5,000 hours for key components are excellent. The 5-year warranty on frame/mechanism is a good indicator of confidence. The materials for wear parts should also be specified with sustainability in mind (e.g., recycled rubber for brake pads, if feasible and safe)."
Material & Design Expert,Weight,"The target weight of 10-15 kg is realistic for a folding bike. The strategy to achieve this through optimized structural design of recycled aluminum and durable components is sound. The emphasis on balanced weight distribution is good for portability. The explicit avoidance of lightweight composites that hinder recyclability is a crucial design decision for sustainability. More specific details on the structural design principles (e.g., finite element analysis targets for stress distribution) could further strengthen this section."
Material & Design Expert,Dimensions (Unfolded and Folded),"The 20-inch wheel size is a practical compromise. The requirement for a compact folded envelope and self-supporting stability is well-defined. The key sustainability aspect here is the selection of tires that are both durable and recyclable, with the mention of recycled content. Ensuring the chosen tire materials are also free from highly toxic curing agents or additives would be a valuable addition."
Material & Design Expert,Ergonomics and Comfort,"The use of recycled, bio-based, or natural materials for contact points (grips, saddle) is excellent. Specifying durability and UV resistance for these materials is important. The design for eliminating pinch points in the folding mechanism is a good safety and usability feature. The adjustability mechanisms should also be designed for durability and ease of repair using standard tools, which is implied but could be explicitly stated for materials used in these mechanisms."
Material & Design Expert,Aesthetics and Styling,"The use of 'natural tones' and 'muted colors' with durable, low-VOC powder coating aligns with sustainable aesthetics. Prioritizing functional aesthetics that signal repairability is a strong point. The avoidance of design choices that necessitate difficult-to-recycle materials or complex integrated structures is critical. The finishes must resist chipping and fading, which directly contributes to longevity and reduces the need for premature replacement or refinishing, thus supporting sustainability."
Material & Design Expert,Safety Features,"The choice of durable, easily maintainable brakes is practical. The specification for energy-efficient LEDs with easily replaceable, long-life rechargeable batteries (e.g., AA/AAA NiMH) is good for user-replaceable parts and end-of-life management. The reliability of folding mechanism safety locks is paramount. For the batteries, specifying the material composition and recyclability of the battery casing and internal components would be beneficial for a complete end-of-life picture."
Material & Design Expert,Durability and Robustness,"The design to withstand regular use, vibration, and impact, meeting specified fatigue and corrosion resistance standards, is essential. Defining material strength requirements for key structural elements and folding joints is critical. The selection of components for resistance to corrosion and weather elements with appropriate surface treatments is also important. It would be beneficial to specify the exact types of corrosion-resistant treatments (e.g., anodizing, specific plating types) and their environmental impact, ensuring they are not hazardous."
Material & Design Expert,Maintenance and Repair,"The mandate for standard, widely available bicycle components is excellent for repairability and longevity. Designing the folding mechanism and wear parts for modularity and easy replacement with standard tools is crucial. The provision of clear, visual, and digitally accessible instructions is good. The explicit mention of easily separable fasteners and avoidance of adhesives in repairable sub-assemblies is a key sustainability and repairability feature. For the folding mechanism itself, specifying the material of the fasteners (e.g., stainless steel grade) would enhance durability and corrosion resistance."
Material & Design Expert,Cost Target,"The strategy to achieve cost targets through optimized use of recycled materials, efficient manufacturing, and standard components is sound. Prioritizing total cost of ownership over initial price is crucial for a sustainable product. Avoiding cost-cutting that compromises durability or repairability is key. The value proposition of a sustainable, long-lasting, and repairable product needs to be clearly communicated to justify potential higher initial costs. The specification of recycled materials inherently impacts cost, and the PDS should acknowledge potential trade-offs and how they are managed."
Material & Design Expert,Environmental Certifications and Standards,"Prioritizing product-specific certifications like SCS Recycled Content and EN 13432 is excellent. Aligning with EN standards for durability testing is appropriate. Compliance with chemical safety regulations (REACH, RoHS) is essential. The focus on product-level verification is practical. It would be beneficial to also consider certifications or standards related to the recyclability of the specific aluminum alloys used, and potentially life cycle assessment (LCA) data if available or required for the chosen materials."
Material & Design Expert,Portability and Storage Solutions,Designing integrated carrying handles and kickstands for durability and easy replacement using sustainable materials is a good approach. The requirement for optional carrying bags to be made from demonstrably recycled and recyclable materials is a strong sustainability point. Ensuring the folded bike is stable and protects critical components is essential for longevity. The materials used for these integrated features should be specified for their durability and resistance to wear and tear.
Material & Design Expert,Noise Reduction,"Incorporating noise reduction through well-machined, durable components and appropriate materials is good. The specification that noise-reduction measures should not hinder recyclability is critical. The use of biodegradable or low-impact lubricants for drivetrains and bearings is a positive sustainability choice. For materials, specifying the density and damping properties of polymers used in contact points could add more technical depth."
Material & Design Expert,User Interface and Controls,"The use of standard, durable bicycle controls is practical for repairability. Ensuring user-replaceable batteries and accessible components for electronics (lights) is good for sustainability and maintenance. Robustness and weather resistance are key. The materials for the controls themselves (e.g., shifter levers, brake levers) should ideally be specified for their durability and recyclability, potentially with recycled content if feasible without compromising function."
Material & Design Expert,Packaging,"The mandate for minimal packaging from high-percentage post-consumer recycled content, which is easily recyclable, is excellent. Avoiding mixed materials, glues, and plastics is crucial. The consideration of reusable packaging is a forward-thinking approach. The specification for packaging should also include a requirement for it to be free from harmful inks or coatings that could impede recycling or composting."
Material & Design Expert,End-of-Life Management,"The detailed design for disassembly plan, including standard fasteners, modularity, and clear material labeling, is fundamental for effective recycling. The strategy for product return and processing is essential. The prohibition of glues and composite materials that impede disassembly and recycling is a critical design decision. For further rigor, specifying the expected lifespan of key components and their recyclability at that point, rather than just the overall product, would be beneficial."
Production Engineer,Target User Profile,"The user profile is detailed, but the 'Target lifespan: Minimum 10 years' is ambitious for a folding bike, especially with a target weight under 12kg. Achieving this without significant cost increases will be challenging. The 70% recycled content for metals is a good goal, but sourcing consistent quality and quantity of post-consumer recycled aluminum at scale might impact lead times and cost. The 15% manufacturing energy reduction is a specific target that will require close supplier management and verification, adding complexity."
Production Engineer,Core Functionality: Folding Mechanism,"Requiring 20,000 folding cycles is a high bar for durability, especially with standard fasteners and aluminum alloys. This will necessitate rigorous testing and potentially over-engineering, increasing weight and cost. While standard fasteners are good for repair, they can also be points of failure if not properly maintained or if they loosen due to vibration. Designing for disassembly of the mechanism itself is good, but ensures it doesn't add too many small parts that can be lost during maintenance."
Production Engineer,Core Functionality: Ride Performance,"Omitting suspension to maintain simplicity is pragmatic. However, 'ride performance comparable to a standard bicycle' on smaller wheels is a significant engineering challenge, especially over varied urban terrain. Relying solely on tires and contact points for comfort might not be sufficient for the target user's daily commute. Specifying an internal gear hub with 3-5 gears is a good choice for low maintenance, but the cost can be higher than derailleur systems, impacting the cost target."
Production Engineer,Sustainability: Material Selection,"The 70% recycled content for all metal components is aggressive and might limit supplier options, potentially driving up costs. Prohibiting glues and minimizing composites is sensible for recyclability but might restrict design choices for certain components where adhesives offer unique benefits (e.g., sealing, vibration damping). Material passports add significant administrative overhead for tracking and verification."
Production Engineer,Sustainability: Manufacturing Processes,"Requiring >50% renewable energy and >80% waste diversion from manufacturers adds significant verification burden and may limit the pool of potential manufacturing partners. Localized manufacturing is ideal but often not cost-effective for bicycle frames, which are typically produced in high-volume, specialized facilities. SA8000 certification is a good ethical standard, but adds cost and complexity to supplier vetting."
Production Engineer,Sustainability: Durability and Longevity,"A Mean Time Between Failures (MTBF) of >5,000 hours for key components is a very high standard, especially for a product intended for daily use in potentially harsh urban environments. Achieving this with recycled materials and standard components will require very robust design and potentially higher-cost parts. The 500-hour salt spray test is a good baseline for corrosion resistance, but real-world conditions can be more varied."
Production Engineer,Weight,"The target of 10-15 kg is achievable, but balancing this with 70% recycled aluminum and robust durability standards will be a constant engineering trade-off. Avoiding lightweight composites is a good call for production and repair, but it means weight reduction will come from clever structural design rather than exotic materials, which can be more time-consuming and expensive to develop."
Production Engineer,Dimensions (Unfolded and Folded),Achieving a 'compact envelope' suitable for 'under desk' storage while maintaining ride stability with 20-inch wheels is a common challenge. The folding mechanism needs to be exceptionally well-designed to achieve this without compromising structural integrity or ease of use. Ensuring the folded bike is 'self-supporting' and stable adds complexity to the folding latch and frame design.
Production Engineer,Ergonomics and Comfort,"Using recycled/bio-based materials for contact points is good, but ensuring their durability and UV resistance to match the 10-year lifespan target will be critical. 'Easily repairable mechanisms' for seat and handlebar adjustment is good, but these are often standard components that are already quite durable and cost-effective."
Production Engineer,Aesthetics and Styling,"Prioritizing functional aesthetics that signal repairability (visible fasteners) is a good direction. However, 'natural tones' and 'muted colors' might not appeal to all urban commuters. Ensuring finishes resist chipping and fading over 10 years requires high-quality coating processes, which can add cost."
Production Engineer,Safety Features,"V-brakes are cost-effective and easy to maintain, but mechanical disc brakes offer better performance, especially in wet conditions, which is important for commuting. The choice between them will depend on the acceptable cost increase. Using standard AA/AAA NiMH batteries for lights is practical for replacement but might not offer the best power density or charging convenience compared to integrated Li-ion systems, impacting the user experience and potentially weight."
Production Engineer,Durability and Robustness,"Meeting 'specified fatigue and corrosion resistance standards' with recycled aluminum and standard components will require careful material selection and potentially thicker wall sections or reinforcement in critical areas, which can impact weight and cost. 'Appropriate surface treatments' for corrosion resistance need to be carefully chosen to align with sustainability goals (e.g., avoiding hexavalent chromium)."
Production Engineer,Maintenance and Repair,"The mandate for standard components everywhere except the core folding mechanism is a good balance. However, designing the folding mechanism for easy replacement using standard tools implies it will likely be a modular unit, which is good. Ensuring 'easily separable fasteners' means avoiding press-fits or thread-locking compounds that are difficult to undo without specialized tools."
Production Engineer,Cost Target,"Achieving a competitive cost target with 70% recycled content, high durability standards, and potentially specialized manufacturing processes will be the biggest challenge. The 'total cost of ownership' argument is valid but requires upfront investment that might be difficult to justify for a folding bike in a price-sensitive market. The value proposition needs to be very clearly communicated."
Production Engineer,Environmental Certifications and Standards,"Focusing on product-level verification is pragmatic. However, obtaining certifications like SCS Recycled Content can be costly and time-consuming, adding to the overall project timeline and expense. Relying on EN standards for bicycles is sensible."
Production Engineer,Portability and Storage Solutions,"Integrated carrying handles and kickstands need to be robust enough not to break during regular use, which can add weight and complexity. Designing them for easy replacement using sustainable materials is a good principle. Optional carrying bags made from recycled materials are a good addition, but their cost and durability need to be managed."
Production Engineer,Noise Reduction,"Noise reduction measures that don't involve permanent bonding or composites are achievable. Using 'high-density polymers' for contact points is a good approach. Biodegradable or low-impact lubricants are standard practice, but their longevity and effectiveness in a folding bike context need to be considered, especially regarding maintenance intervals."
Production Engineer,User Interface and Controls,"Standard bicycle controls are a good choice for familiarity and repairability. Ensuring they are robust and weather-resistant is key. For integrated electronics, user-replaceable batteries are a good compromise between convenience and sustainability, but the interface needs to be simple and intuitive to avoid user errors."
Production Engineer,Packaging,Minimal packaging from high-percentage recycled content is standard practice. Avoiding mixed materials and glues is also sensible. Reusable packaging is logistically complex and often not cost-effective for a product that is shipped individually to consumers. The primary focus should be on making the packaging easy to recycle.
Production Engineer,End-of-Life Management,A detailed design for disassembly plan is crucial. Specifying standard fastener types and clear material labeling is essential. The strategy for facilitating product return and processing can be complex and costly to implement effectively. Prohibiting glues and composite materials is a strong stance that simplifies end-of-life processing but might limit material choices during design.
In-Service Expert,Target User Profile,"The target lifespan of 'minimum 10 years' is a good starting point, but it needs to be more explicitly linked to the product's use time. How many folding cycles are expected within this 10-year lifespan? How many kilometers of riding? Without these metrics, '10 years' is an arbitrary number. The environmental consciousness section is strong, but 'verified recycled content (minimum 70% for metal)' should be a non-negotiable requirement, not a user preference. The 'reduced manufacturing energy (target 15% reduction)' is also vague; how will this be measured and verified? The pain point of 'weight (<12kg target, balanced distribution)' is crucial for portability, but the environmental impact of achieving this weight (e.g., through exotic materials) needs careful consideration and should be balanced against recyclability. The 'tool-free, few steps' for the folding mechanism is excellent for user experience and maintenance."
In-Service Expert,Core Functionality: Folding Mechanism,"The use of high-strength, durable, and recyclable aluminum alloys with a minimum 70% post-consumer recycled content is excellent. The fatigue life requirement of 20,000 folding cycles is a strong indicator of durability. Specifying standard mechanical fasteners is critical for repairability and disassembly. However, the PDS should go further by specifying the types of fasteners and their accessibility. For example, are they unified across the mechanism to simplify tool requirements? The 'design for disassembly of the mechanism itself' is a key principle, but the PDS needs to detail *how* this will be achieved beyond just stating it. Are there specific sub-assemblies that need to be easily separated? The 'secure locking mechanisms' are essential for safety, but the PDS should outline the testing required to prove their robustness against vibration and impact."
In-Service Expert,Core Functionality: Ride Performance,"Omitting advanced suspension systems to maintain simplicity, durability, and recyclability is a sound decision for a sustainable product. The focus on durable, puncture-resistant tires with recycled content is commendable. However, the PDS should specify the expected lifespan of these tires and other wear parts (e.g., chain, sprockets) in terms of kilometers or usage cycles, directly linking to the product's overall use time and maintenance needs. The gear range is appropriate, but the internal gear hub choice needs to consider its repairability and the availability of spare parts in the long term. Are there specific internal gear hubs that are known for their longevity and ease of servicing?"
In-Service Expert,Sustainability: Material Selection,"The 70% post-consumer recycled content for metal components is a strong requirement. For bio-based plastics, specifying EN 13432 is good, but the PDS should also consider the practicalities of industrial composting facilities and whether this is truly achievable for the end-user. The 'UV resistance and durability' for these materials is crucial for product longevity. Prohibiting glues and minimizing composites is excellent for recyclability. The 'material passports or clear labeling' is a forward-thinking requirement that will significantly aid end-of-life processing. However, the PDS needs to define *how* these material passports will be created and accessed (e.g., QR codes on components, digital database)."
In-Service Expert,Sustainability: Manufacturing Processes,"Requiring data on renewable energy usage and waste diversion rates from manufacturers is excellent for ensuring a lower environmental footprint. The focus on low-VOC or water-based coatings is also positive. The 'design for disassembly principles' are reiterated, which is good, but again, the PDS needs to provide concrete examples of how this will be implemented in the manufacturing process (e.g., specific joint types, modular sub-assemblies). Prioritizing localized manufacturing is a good sustainability goal, but it needs to be balanced with cost-effectiveness and the availability of ethical labor practices. SA8000 certification is a good benchmark."
In-Service Expert,Sustainability: Durability and Longevity,"The performance standards for wear resistance, fatigue life, and corrosion resistance are essential. Defining 'easily replaceable wear parts' with standard sizes and sustainable materials is critical for extending the product's use time. The target MTBF of >5,000 hours for key components is a good metric for reliability. However, the PDS should explicitly state what constitutes 'normal use' for the warranty, as this is often a point of contention and can impact the product's perceived lifetime and repair needs. The 5-year warranty on the frame/mechanism is good, but it should be tied to the expected lifespan and the 20,000 folding cycles."
In-Service Expert,Weight,"The target weight range of 10-15 kg is reasonable for a folding bike. The emphasis on 'optimized structural design of recycled aluminum' is a good approach to achieve weight reduction sustainably. The 'balanced weight distribution when folded' is crucial for user experience. The explicit avoidance of lightweight composites that hinder recyclability is a strong statement in favor of end-of-life processing. The PDS could further elaborate on how this weight optimization will be achieved without compromising robustness, perhaps by referencing specific FEA (Finite Element Analysis) requirements."
In-Service Expert,Dimensions (Unfolded and Folded),"The choice of 20-inch wheels is a good compromise for folding size and rideability. Specifying a compact folded envelope is essential for urban users. The requirement for the folded bike to be 'self-supporting and stable' is excellent for ease of use and storage. The PDS should also consider how the folding mechanism protects these critical components during transport and storage, as damage here can lead to premature failure and repair needs."
In-Service Expert,Ergonomics and Comfort,"Adjustability using 'durable, easily repairable mechanisms' is key for accommodating different users and extending the product's use time. The use of recycled, bio-based, or natural materials for contact points is excellent. The focus on eliminating pinch points in the folding mechanism is vital for user safety and comfort. The PDS could benefit from specifying the expected lifespan of these contact point materials under typical UV exposure and use."
In-Service Expert,Aesthetics and Styling,Prioritizing 'functional aesthetics that signal repairability' is a unique and valuable approach for a sustainable product. Visible mechanical fasteners are a good example. The avoidance of design choices that necessitate difficult-to-recycle materials or complex integrated structures is crucial. The PDS should ensure that the 'natural tones' and 'muted colors' are achieved through durable and environmentally friendly coatings that do not compromise the recyclability of the underlying materials.
In-Service Expert,Safety Features,"The choice of durable V-brakes or mechanical disc brakes for ease of maintenance is good. The specification of energy-efficient LEDs with easily replaceable, long-life rechargeable batteries (e.g., AA/AAA NiMH) is excellent for user-friendliness and end-of-life management. The 'clear end-of-life management plan' for batteries needs to be detailed. Integrated reflective elements are standard and important. The 'reliable safety locks' for the folding mechanism are paramount, and the PDS should specify testing protocols to ensure their reliability under various conditions."
In-Service Expert,Durability and Robustness,"This section reiterates many points from other sections, which is good for emphasis. Defining material strength requirements and specifying components for corrosion resistance are essential. However, the PDS could be more specific about the types of surface treatments to be used and their environmental impact. For example, are there alternatives to traditional anodizing or plating that are more sustainable?"
In-Service Expert,Maintenance and Repair,"Mandating standard, widely available bicycle components is a critical aspect of repairability and extending product life. Designing the folding mechanism and wear parts for modularity and easy replacement with standard tools is excellent. The provision of 'clear, visual, and digitally accessible maintenance and repair instructions' is vital for empowering users and reducing reliance on professional servicing. The prohibition of adhesives in repairable sub-assemblies is a key design principle for facilitating maintenance. The PDS should also specify the expected frequency of routine maintenance tasks (e.g., lubrication, bolt checks) to guide users."
In-Service Expert,Cost Target,"Prioritizing 'total cost of ownership' over initial purchase price is a crucial mindset for sustainable products. The PDS should clearly articulate how the design choices (recycled materials, durability, repairability) contribute to this lower TCO for the user. Avoiding cost-cutting measures that compromise durability and repairability is essential. The PDS needs to ensure that the cost target does not lead to compromises on the stated sustainability and durability goals. For example, using cheaper, less durable recycled materials would undermine the product's longevity."
In-Service Expert,Environmental Certifications and Standards,"Prioritizing product-specific certifications like SCS Recycled Content and EN 13432 is good. Aligning with EN standards for bicycles is standard practice. Compliance with REACH and RoHS is also essential. However, the PDS should also consider standards related to the repairability and longevity of products, such as those being developed by organizations focused on the Right to Repair. The focus on 'product-level verification' is appropriate for this context."
In-Service Expert,Portability and Storage Solutions,Designing integrated carrying handles and kickstands for durability and easy replacement is a good user-centric approach. The requirement for optional carrying bags to be made from demonstrably recycled and recyclable materials is excellent. Ensuring the folded bike protects its critical components during storage and transport is vital for preventing damage that could lead to premature failure and repair needs.
In-Service Expert,Noise Reduction,Incorporating noise reduction through well-machined components and appropriate materials is a good approach. The constraint that noise reduction measures should not involve permanent bonding or composites that hinder recyclability is crucial. Specifying biodegradable or low-impact lubricants is a good detail for environmental consideration. The PDS could also consider specifying acceptable noise levels during operation and folding to set a clear benchmark.
In-Service Expert,User Interface and Controls,"Using standard, durable bicycle controls is excellent for repairability and user familiarity. The requirement for user-replaceable batteries and easily accessible components for integrated electronics (lights) is crucial for extending product life and facilitating repair. Robustness and weather resistance are standard requirements. The PDS should also consider the tactile feedback and ease of use of these controls, especially for users with limited dexterity."
In-Service Expert,Packaging,"The mandate for minimal packaging made from high-percentage post-consumer recycled content that is easily recyclable is excellent. Avoiding mixed materials and glues is crucial for recyclability. The consideration of reusable packaging is a forward-thinking idea, but its feasibility needs careful assessment. The PDS should also specify the environmental impact of the packaging's production process, not just its recyclability."
In-Service Expert,End-of-Life Management,"The 'design for disassembly' plan with standard fastener types, modularity, and clear material labeling is the cornerstone of effective end-of-life management. The strategy for 'facilitating product return and processing' is critical, and the PDS should outline how this will be incentivized for users (e.g., take-back programs, recycling credits). Minimizing hazardous materials and documenting their location is essential. The prohibition of glues and composite materials that impede disassembly and recycling is a fundamental requirement."
Circularity Expert,Target User Profile,"The user profile is well-defined and considers key metrics for a folding bike. However, the 'Environmental consciousness' section could be strengthened by specifying a target for the percentage of recycled content in *all* major components, not just metal, and by including a requirement for a 'material passport' or clear labeling for all parts to facilitate end-of-life processing. The target lifespan of 10 years is ambitious and should be directly linked to the durability of specific components and the ease of their replacement."
Circularity Expert,Core Functionality: Folding Mechanism,"The emphasis on standard mechanical fasteners, tool-free operation, and design for disassembly is excellent and directly addresses the aversion to glues and composite materials. Specifying a fatigue life of 20,000 folding cycles is crucial for longevity. However, the PDS should explicitly state that any lubricants used must be biodegradable and non-toxic, and that the mechanism should be designed to be easily cleaned to prevent lubricant contamination of recycling streams. The use of aluminum alloys is good, but specifying the alloy type and its recyclability characteristics would be beneficial."
Circularity Expert,Core Functionality: Ride Performance,"Omitting advanced suspension systems is a sound choice for simplicity and recyclability. The focus on durable, puncture-resistant tires with recycled content is commendable. The PDS should also specify that the 'ergonomic contact points' (saddle, grips) should be designed for easy replacement and made from materials that are either recyclable, compostable, or derived from renewable sources, without relying on glues. The selection of an internal gear hub is good for protection and low maintenance, but its repairability and end-of-life recyclability should be considered, ensuring it can be easily separated from the frame."
Circularity Expert,Sustainability: Material Selection,"The mandate for 70% post-consumer recycled content in metal components is a strong starting point. However, the PDS needs to be more prescriptive regarding bio-based plastics, specifying not just biodegradability/compostability but also the *process* by which this is verified and the expected lifespan under UV exposure. The prohibition of glues and minimization of composites is excellent. The requirement for material passports or clear labeling is crucial and should be a non-negotiable standard for all components, not just to aid end-of-life processing but also for transparency during the product's use phase."
Circularity Expert,Sustainability: Manufacturing Processes,"The requirements for renewable energy usage and waste diversion are good. The specification of low-VOC or water-based powder coating is appropriate. The mandate for design for disassembly principles, focusing on mechanical fasteners and modularity, is excellent. However, the PDS should also consider the energy intensity of the manufacturing processes for the specific recycled materials being used and encourage the selection of materials with lower embodied energy. Localized manufacturing is a good consideration, but ethical labor practices must be a primary requirement, not just a certification to be met."
Circularity Expert,Sustainability: Durability and Longevity,"Defining performance standards for wear, fatigue, and corrosion is essential. The focus on easily replaceable wear parts made from sustainable materials is a positive step. However, the PDS should go further by specifying that 'critical wear points' should be designed as separate, easily replaceable modules, rather than just being accessible. The MTBF target is useful, but it should be accompanied by a clear definition of 'failure' and the expected service life of *non-wear* components, ensuring they also meet the 10-year target lifespan without becoming obsolete or unrepairable."
Circularity Expert,Weight,"The target weight range is reasonable. The emphasis on optimized structural design of recycled aluminum and avoiding composites is aligned with circular economy principles. However, the PDS should explicitly state that any weight reduction strategies must not compromise the ease of disassembly or the recyclability of components. For example, using thin-walled structures that are difficult to separate or clean could be detrimental."
Circularity Expert,Dimensions (Unfolded and Folded),"The 20-inch wheel size is a practical choice. The requirement for the folded bike to be self-supporting and stable is important for usability. The PDS should ensure that the folding mechanism itself, when folded, does not expose delicate parts to damage or make disassembly more difficult. The protection of components during folding and storage should be a key design consideration."
Circularity Expert,Ergonomics and Comfort,"The focus on durable, easily repairable mechanisms for adjustability is good. The use of recycled, bio-based, or natural materials for contact points is excellent. However, the PDS should specify that these contact point materials must be easily separable from their mounting points without adhesives, allowing for individual replacement and recycling. The elimination of pinch points in the folding mechanism is critical for user safety and experience."
Circularity Expert,Aesthetics and Styling,"Prioritizing functional aesthetics that signal repairability is a brilliant approach. The use of natural tones and muted colors with durable, low-VOC finishes is appropriate. The PDS must ensure that these finishes do not impede material identification or recycling processes. The prohibition of design choices that necessitate difficult-to-recycle materials or complex integrated structures is paramount."
Circularity Expert,Safety Features,"The selection of durable and easily maintainable brakes is good. The specification of easily replaceable, long-life rechargeable batteries for lights is a positive step, but the PDS should also consider the recyclability of the battery housing and the overall light unit. Integrated reflective elements are standard. The reliability of safety locks on the folding mechanism is critical and should be rigorously tested beyond the specified fatigue cycles."
Circularity Expert,Durability and Robustness,"Defining material strength requirements and meeting specified fatigue and corrosion resistance standards are fundamental. The selection of components for resistance to corrosion and weather is important for longevity. However, the PDS should also consider the repairability of these protective surface treatments and ensure they don't create barriers to material recovery at end-of-life."
Circularity Expert,Maintenance and Repair,"The mandate for standard, widely available bicycle components is excellent for repairability and reuse. Designing the folding mechanism and wear parts for modularity and easy replacement with standard tools is crucial. The provision of clear, visual, and digitally accessible repair instructions is a must. The absolute prohibition of adhesives in repairable sub-assemblies is a key strength of this PDS."
Circularity Expert,Cost Target,"Prioritizing total cost of ownership over initial purchase price is a sound circular economy strategy. The PDS should explicitly state that cost-cutting measures that compromise durability, repairability, or sustainable material use are unacceptable. The value proposition of a sustainable product must be clearly communicated to justify any potential price premium."
Circularity Expert,Environmental Certifications and Standards,"Prioritizing product-specific certifications like SCS Recycled Content and EN 13432 is good. Aligning with EN standards for durability is important. However, the PDS should also include requirements for 'design for disassembly' certifications or assessments, and mandate clear material labeling according to ISO 1043 standards for all components to ensure proper sorting at end-of-life. The focus on product-level verification is appropriate."
Circularity Expert,Portability and Storage Solutions,Designing integrated carrying handles and kickstands for durability and easy replacement using sustainable materials is a good approach. The PDS should ensure these components are also designed for easy separation from the main frame for recycling. The requirement for optional carrying bags to be made from demonstrably recycled and recyclable materials is excellent.
Circularity Expert,Noise Reduction,The approach to noise reduction through well-machined components and appropriate materials is sound. The explicit prohibition of noise reduction measures that involve permanent bonding or composites is critical. The specification of biodegradable or low-impact lubricants is a good addition for environmental and maintenance reasons.
Circularity Expert,User Interface and Controls,"Using standard, durable bicycle controls is a good choice for repairability. Ensuring user-replaceable batteries and accessible components for integrated electronics is crucial. The PDS should specify that these controls should be easily separable from the handlebars and brake levers for individual recycling or replacement, without the use of adhesives."
Circularity Expert,Packaging,The mandate for minimal packaging made from high-percentage post-consumer recycled content is excellent. The avoidance of mixed materials and glues is critical for recyclability. The PDS should also consider the weight and volume of the packaging to minimize transport emissions. Exploring reusable packaging solutions is a forward-thinking idea that should be pursued where feasible.
Circularity Expert,End-of-Life Management,"The development of a detailed design for disassembly plan with specified fastener types, modularity, and clear material labeling is the cornerstone of a circular product. The strategy for product return and processing is crucial for closing the loop. The absolute prohibition of glues and composite materials that impede disassembly and recycling is the most critical aspect of this PDS and should be strictly enforced."
